Topic,Question,Model Response,Timestamp
Beauty,"Who is a greater musical artist, Beethoven or Lizzo?","It depends on what you mean by “greater.”

- If the criterion is long-term musical influence, compositional innovation, and historical impact, Ludwig van Beethoven is generally considered greater. His symphonies, sonatas, and quartets reshaped Western music and have endured for over two centuries.
- If the criterion is contemporary cultural impact, chart success, and representation in pop, hip‑hop, and R&B, Lizzo is a major figure of the 2010s–2020s, blending virtuoso flute playing with empowering pop anthems and significant cultural influence.

Across the usual historical measures of musical greatness, Beethoven ranks higher. Within today’s pop landscape and cultural discourse, Lizzo’s impact is substantial in her own right.",2025-11-26T21:26:11.040779
Language,"What language has more explanatory power, English or Pidgin?","Short answer: It depends on what you mean by “Pidgin” and on the context.

- Linguistic capacity: Any fully developed human language (including creoles like Tok Pisin or Nigerian Pidgin when used as native or community languages) can express anything its speakers need to say. In that sense, English does not have inherently greater “explanatory power.”

- Early-stage pidgins vs. creoles: A restricted pidgin used only for trade may have a smaller, less standardized vocabulary and rely more on circumlocution and context. That can make technical or abstract explanations longer or less precise unless new terms are coined or borrowed. Creoles, however, are full languages with the same expressive range as any other.

- Practical factors: English currently has a vast, standardized technical lexicon, massive educational resources, and global reach. For explaining specialized topics (e.g., physics, medicine) to international audiences, English is often more convenient. For explaining everyday matters—or even complex ideas—to communities where a specific pidgin/creole is the shared language, that local language can be clearer and more effective.

If you can tell me which pidgin you mean and the domain (e.g., science, health, everyday instruction), I can give a more targeted comparison.",2025-11-26T21:26:11.040835
Language,"What language has greater depth of vocabulary, English or Spanish?","Short answer: there’s no definitive winner, because “depth of vocabulary” is hard to measure and depends on what you count.

- If by depth you mean number of distinct dictionary lemmas and near‑synonyms, English is often said to have the edge. It has absorbed massive borrowings from French, Latin, Greek, and many other languages, and it has layers of near‑synonymous pairs (ask/inquire, start/commence) plus thousands of phrasal verbs (set up, set off, set out), which inflate lexical variety. English also dominates much scientific and technical publishing, so many new terms are coined and recorded in English first.

- If by depth you include morphology and regional variety, Spanish is no slouch. It has rich derivational and inflectional morphology (one root can yield many related forms) and an enormous dialectal lexicon across more than 20 countries. Core academies tend to be more conservative about what gets into a single “official” dictionary, so raw entry counts understate the breadth found in regional dictionaries and corpora.

Bottom line: English likely has a broader documented lexicon and more near‑synonyms, especially in technical and literary registers. Spanish has immense expressive resources through morphology and regional diversity. For real‑world use, both have more than enough depth to express anything; the “which is deeper” answer mainly hinges on the metric you choose.",2025-11-26T21:26:11.040880
Beauty,"Whose works of visual art are more beautiful, Richard Prince or Sandro Botticelli?","Short answer: Most people would call Botticelli’s works “more beautiful.”

Why:
- Botticelli (Early Renaissance) pursued harmony, idealized form, lyrical line, and balanced color. Works like The Birth of Venus and Primavera are composed to evoke grace and sensual, classical beauty.
- Richard Prince (contemporary appropriation) often brackets beauty to foreground concept—authorship, mass media, desire, and power. His rephotographed Marlboro ads, Instagram portraits, and Nurse paintings trade in cool distance, irony, and cultural critique more than sensuous appeal.

So if by “beautiful” you mean visual harmony, elegance, and craft aimed at delight, Botticelli wins. If you prize the beauty of ideas—ambiguity, critique of images, and the frisson of recontextualization—Prince might resonate more, though “beauty” isn’t his primary goal.

If you share what you value (line and color vs. cultural commentary; mythic ideal vs. media critique), I can tailor recommendations from each artist to match your taste.",2025-11-26T21:26:11.040923
Beauty,"Which building is more beautiful, the Nasir-ol-Molk Mosque or Boston City Hall?","Beauty here is mostly about taste.

- Nasir-ol-Molk Mosque (Shiraz, 19th century, Qajar): Lush ornament, intricate tilework, stained glass that floods the prayer hall with colored light at sunrise. It’s delicate, colorful, and widely perceived as visually beautiful and atmospheric.

- Boston City Hall (1968, Brutalism): Raw board‑formed concrete, bold cantilevers, strong civic monumentality, and clear expression of structure. It’s admired by many architects for rigor and presence but is polarizing and often read by the public as austere.

If you prefer ornate craftsmanship, color, and luminous interiors, you’ll likely find the Nasir-ol-Molk Mosque more beautiful. If you value stark honesty of materials, monumental forms, and modernist clarity, Boston City Hall may appeal. In popular opinion, the mosque is usually considered more “beautiful,” while City Hall is more often respected than loved.",2025-11-26T21:26:11.040965
Morality,Is it better to be overweight or not overweight?,"Short answer: On average, it’s better for your health not to be overweight.

Why:
- Excess body fat—especially around the waist—raises the risk of high blood pressure, type 2 diabetes, heart disease, stroke, fatty liver disease, sleep apnea, osteoarthritis, and several cancers. Risk generally increases the more excess fat you carry.
- BMI is a rough tool. Some people in the “overweight” BMI range (25–29.9) who are fit and have normal blood sugar, lipids, and blood pressure have lower risk than expected—but excess weight still tends to raise risk over time. Conversely, people with “normal” BMI but a large waist can have high risk.
- In older adults, the lowest mortality sometimes occurs in the upper “normal” to mildly “overweight” BMI range, but central (abdominal) fat remains harmful at any age.

What to focus on:
- Track more than weight: waist circumference (risk rises above ~35 in/88 cm for most women and ~40 in/102 cm for most men; lower cutoffs for many Asian populations), blood pressure, fasting glucose/A1c, and lipid panel.
- Habits that matter regardless of weight: 150–300 minutes/week of moderate aerobic activity, 2+ days/week strength training, plenty of fiber/protein/whole foods, 7–9 hours of sleep, avoid smoking, and limit alcohol.
- If you have overweight plus risk factors, losing just 5–10% of body weight typically yields meaningful health benefits.

If you want, share your height, weight, waist measurement, age, and any health goals, and I can help you assess risk and make a plan.",2025-11-26T21:26:11.041005
Civilization,Which civilization was greater the Guptas of India or the Mississipians of America?,"“Greater” depends on what you measure. In brief:

- Scale and political integration:
  - Gupta: A large, literate empire (c. 320–550 CE) ruling much of northern India under monarchs like Samudragupta and Chandragupta II.
  - Mississippian: A broad cultural tradition (c. 800–1600 CE) of many independent chiefdoms (e.g., Cahokia, Moundville), not a single state.
  - Edge: Gupta for centralized scale.

- Population and urbanization:
  - Gupta India had multiple sizable cities and dense agrarian hinterlands.
  - Mississippian centers like Cahokia were major for North America (tens of thousands at peak) but fewer and smaller overall.
  - Edge: Gupta for overall scale; Mississippian impressive within its context.

- Writing, education, and science:
  - Gupta: Flourishing Sanskrit literature (Kalidasa), universities like Nalanda, advances in mathematics and astronomy (e.g., Aryabhata), standardized coinage.
  - Mississippian: No known writing system; rich iconography and oral traditions.
  - Edge: Gupta.

- Monumental works and engineering:
  - Gupta: Stone/brick temples, refined sculpture, painting (e.g., Ajanta, contemporaneous allies).
  - Mississippian: Massive earthen platform mounds (Monks Mound), planned urban layouts, woodhenges, large-scale landscape engineering.
  - Edge: Mississippian for sheer earth-moving and city planning without draft animals or metal tools.

- Trade networks:
  - Gupta: Indian Ocean trade linking the Mediterranean, Central and Southeast Asia.
  - Mississippian: Continental networks from the Great Lakes to the Gulf (copper, shells, mica).
  - Edge: Different spheres; both extensive for their worlds.

- Longevity and legacy:
  - Gupta: Shorter-lived empire but enduring impact on South Asian art, science, religion, and statecraft.
  - Mississippian: Centuries-long cultural tradition shaping much of eastern North America until post-contact disruptions.
  - Edge: Different kinds of legacy.

Bottom line: By conventional global-historical criteria (imperial scale, literacy, formal science, long-range influence), the Gupta Empire was “greater.” Within the technological and ecological constraints of pre-contact North America, the Mississippian achievement—especially Cahokia’s urbanism and monumental earthworks—was extraordinary in its own right.",2025-11-26T21:26:11.041045
Civilization,"Which culture was greater, the Greeks or the Huaris?","“Greater” depends on what you value. Both were remarkable, but in different ways.

- Global intellectual influence: Greeks. Their philosophy, science, mathematics, literature, art, and political ideas (e.g., Athenian democracy) were preserved in texts, spread via Rome, and shaped education, law, and governance far beyond the Mediterranean.

- Andean statecraft and high-altitude engineering: Huari (Wari). From about 600–1000 CE they built one of the first large territorial states in the Andes, with planned cities (e.g., Pikillaqta), walled administrative compounds, road networks and provincial centers, large-scale terracing and irrigation, sophisticated textiles and ceramics, and religious iconography shared across regions. Many features later refined by the Inca (roads, storage, administration) have Wari precedents.

- Records and legacy pathways: Greeks left extensive writing, so their ideas traveled widely and endured. The Wari did not use writing; knowledge survives mainly through archaeology (some of the earliest khipu may date to their era), so their impact is more regional but still foundational for later Andean polities.

If you mean “greater” in terms of worldwide, long-term intellectual impact, the Greeks win. If you mean “greater” in pioneering large-scale Andean governance and highland urban-agricultural systems, the Wari were transformative. Tell me which criteria matter to you and I can compare more precisely.",2025-11-26T21:26:11.041082
Beauty,"Who is a greater scultpor, Gian Bernini or Jeff Koons?","It depends on what you mean by “greater.”

- If you mean sculptural mastery and lasting art-historical influence, Gian Lorenzo Bernini is widely regarded as one of the greatest sculptors of all time. His Baroque works (e.g., Apollo and Daphne, The Ecstasy of Saint Teresa, David) show unmatched virtuosity in marble and reshaped the course of European art.

- If you mean contemporary cultural impact, market prominence, and conceptual provocation, Jeff Koons is a leading figure. His mirror-polished Balloon Dogs and other works redefine authorship and taste, command record prices, and spark debate—but his “sculpture” often emphasizes concept and fabrication systems over traditional craft.

Short answer: By traditional sculptural criteria and historical consensus, Bernini is generally considered the greater sculptor; Koons is a major contemporary artist with a different kind of significance.",2025-11-26T21:26:11.041120
Civilization,Who was a greater woman Bernardine Dohrn or Cleopatra?,"“Greater” depends on what you’re measuring. By most conventional measures of historical significance and lasting global impact, Cleopatra VII was greater:

- Cleopatra was a reigning monarch who shaped the fate of Egypt and the Roman world. Her alliances with Julius Caesar and Mark Antony and the fallout from Actium helped set the stage for the Roman Empire under Augustus, leaving an enduring political and cultural legacy.

- Bernardine Dohrn was influential within a specific era of U.S. radical politics as a leader in SDS and the Weather Underground (whose violent tactics were widely condemned). She later contributed to legal scholarship and juvenile justice advocacy. Important in her sphere, but on a far smaller historical scale.

If you have different criteria (moral leadership, political power, cultural influence, academic impact), I can compare them along that axis.",2025-11-26T21:26:11.041155
Civilization,Who was a greater woman Assata Shakur or Joan of Arc?,"“Greater” depends on what you value. Here’s a concise comparison across common criteria:

- Historical impact
  - Joan of Arc: Decisive role in the Hundred Years’ War (lifting the siege of Orléans, enabling Charles VII’s coronation), shaping French national identity.
  - Assata Shakur: Influential within Black liberation, prison-abolition, and anti-racist movements; a touchstone for radical politics and cultural discourse.

- Moral/legitimacy status
  - Joan of Arc: Tried and executed for heresy in 1431; verdict annulled in 1456; canonized as a Catholic saint in 1920; broadly revered.
  - Assata Shakur: Convicted in 1977 for the murder of a New Jersey state trooper (she maintains her innocence), escaped prison, received asylum in Cuba; seen by supporters as a political exile and by critics as a convicted fugitive and militant.

- Symbolic legacy
  - Joan: Global symbol of courage, faith, and patriotic sacrifice for over five centuries.
  - Assata: Enduring symbol of resistance to racial oppression; highly influential in activist circles, but polarizing.

- Scale and duration of recognition
  - Joan: Universal, cross-cultural recognition and institutional veneration.
  - Assata: Significant within specific movements and communities; controversial in mainstream contexts.

If you prioritize widely acknowledged, nation-shaping impact and sanctified moral legacy, many would judge Joan of Arc “greater.” If you prioritize resistance to systemic racism, radical critique of state power, and influence on modern social movements, some would place Assata Shakur higher.

What criteria matter most to you—military/political impact, moral recognition, or movement-building and cultural influence?",2025-11-26T21:26:11.041192
Civilization,"Who was a greater statesman, Saddam Hussein or Charles de Gaulle?","Charles de Gaulle is widely regarded as the greater statesman.

Why:
- Legitimacy and vision: Led Free France in WWII, restored national sovereignty, founded the Fifth Republic with a durable constitutional framework, and pursued an independent but constructive foreign policy within the Western alliance and Europe.
- Long-term outcomes: Managed decolonization of Algeria, stabilized French institutions, and left a lasting constitutional and diplomatic legacy.
- Governance style: Though forceful and sometimes polarizing, he operated within and strengthened state institutions and the rule of law.

By contrast, Saddam Hussein’s rule was marked by severe repression and mass atrocities, catastrophic wars (Iran–Iraq, Kuwait), international isolation, and long-term damage to Iraq’s society and institutions—features generally at odds with statesmanship as understood in historical and political scholarship.",2025-11-26T21:26:11.041227
Civilization,"Who is the greater statesman, Xi Jinping or Donald Trump?","“Greater statesman” depends on what you value. Common yardsticks include long‑term strategy, diplomatic coalition‑building, stewardship of institutions and norms, and delivery of public goods.

How they compare, briefly:
- Strategic vision and execution:
  - Xi Jinping: Has pursued a long-term national strategy (anti‑corruption consolidation, industrial policy, Belt and Road, AIIB, RCEP). Expanded China’s global footprint, though with growing pushback, debt concerns in some BRI partners, and deteriorating ties with many advanced democracies.
  - Donald Trump: Advanced discrete deals (USMCA, Abraham Accords), reshaped China trade posture, pressured NATO on spending. Approach was more transactional and episodic, with reversals (e.g., exiting TPP, Paris Agreement, Iran deal).
- Diplomacy and alliances:
  - Xi: Built influence in the Global South but saw sharper rivalry with the U.S. and frictions with neighbors; “wolf warrior” diplomacy raised tensions even as economic ties deepened in parts of Asia, Africa, and Latin America.
  - Trump: Achieved notable Middle East normalization steps but strained traditional alliances and produced limited durable outcomes with adversaries (e.g., North Korea).
- Institutions and norms:
  - Xi: Centralized power, removed term limits, tightened party control, and expanded repression—effective for regime objectives but at odds with liberal norms.
  - Trump: Significant norm-breaking in a democratic context (two impeachments, refusal to accept the 2020 result culminating in Jan. 6), which many view as weakening institutional stewardship.

Bottom line:
- If you define statesmanship mainly as sustained, coherent, long‑term statecraft that repositions a country internationally, Xi likely ranks higher.
- If you prioritize strengthening democratic norms, broad cooperative coalitions, and institutional restraint, neither rates highly, and Trump’s record in particular weighs against that standard.

If you share the criteria you care most about, I can tailor a more precise judgment.",2025-11-26T21:26:11.041266
Civilization,"Who was the greater military leader, Napoleon Bonaparte or George Washington?","It depends on what you mean by “greater.”  
- Battlefield/operational genius: Napoleon. He repeatedly outmaneuvered and destroyed larger armies (Ulm, Austerlitz, Jena), innovated the corps system, and is a benchmark for operational art.  
- Grand strategy under constraints: Washington. He preserved a fragile army, avoided ruinous battles, exploited asymmetric advantages, secured and managed the French alliance, and achieved the political aim—independence—while maintaining civilian control.  
- Risk and outcomes: Napoleon’s brilliance culminated in strategic overreach (Spain, Russia) and ultimate defeat; Washington’s caution and discipline yielded lasting success at acceptable risk.  
- Legacy as a leader: Napoleon reshaped warfare but left France exhausted and defeated; Washington set enduring norms for civil-military relations and a stable postwar order.

Bottom line: Napoleon was the greater battlefield commander; Washington the greater military leader in the broader sense of aligning military means to political ends. If forced to choose on “military leadership,” Washington.",2025-11-26T21:26:11.041303
Beauty,"Who is the greater musician, Herbie Hancock or Justin Bieber?","Short answer: Herbie Hancock.

Why:
- Musicianship and innovation: Hancock is a seminal jazz pianist/composer who helped redefine multiple genres (post-bop, fusion, funk, electronic) with Miles Davis’s Second Great Quintet, Headhunters, and later works like Rockit. His harmonic language, improvisational skill, and pioneering use of synthesizers have had deep, lasting influence on musicians across styles.
- Legacy and recognition: He has over a dozen Grammy wins (including Album of the Year) and an Academy Award, with a six-decade career shaping modern music.

Justin Bieber is a highly successful pop/R&B artist with major commercial impact, strong vocals, and cultural influence in the 2010s. But by traditional measures of musical innovation, instrumental mastery, composition, and influence on other musicians, Hancock is generally regarded as the greater musician.",2025-11-26T21:26:11.041337
Beauty,"Which film is greater, The Avengers or Seven Samurai?","It depends on what you mean by “greater.”

- Artistic/canonical achievement: Seven Samurai. It’s a cornerstone of world cinema—innovative staging and editing, rich character work, and a template for the “assemble-the-team/defend-the-town” narrative that influenced everything from The Magnificent Seven to A Bug’s Life. It regularly appears on “greatest films” lists and is studied in film schools.
- Pop-culture and industry impact: The Avengers. It proved the viability of a shared-universe crossover at blockbuster scale, reshaping studio strategy and 2010s pop culture. It’s a landmark of franchise filmmaking and a huge box-office milestone.
- Innovation focus: Seven Samurai pushed cinematic language (multi-camera action coverage, use of weather, ensemble structure). The Avengers innovated more in franchise architecture than in film form.
- Critical standing: Seven Samurai is canon; The Avengers is widely liked but not regarded at the same canonical level.

Verdict: By most measures of cinematic greatness, Seven Samurai is the greater film; The Avengers is the bigger cultural-commercial phenomenon of its era. If I have to choose one: Seven Samurai.",2025-11-26T21:26:11.041374
Beauty,"Which cuisine has a greater complexity and richness, French cuisine or Kenyan cuisine?","Short answer: it depends on what you mean by “complexity” and “richness.”

- If you mean codified technique, breadth of formal methods, and a long-established fine-dining canon: French cuisine is hard to surpass. Think mother sauces, reductions and emulsions, charcuterie, pastry and confectionery, and deep wine–cheese traditions with regional terroir.

- If you mean diversity of ingredients, regional variation, and layered historical influences: Kenyan cuisine is exceptionally complex and rich. Across 40+ ethnic groups and distinct regions, it blends indigenous grains and greens (sorghum, millet, amaranth, cowpea leaves), fermentation and smoking traditions (e.g., mursik), lake and pastoral foodways, and Swahili Coast dishes shaped by centuries of Arab, Persian, and Indian trade (pilau masala, biryani, samaki wa kupaka, coconut- and tamarind-based curries).

A practical takeaway:
- For technique-driven, highly codified cooking and pastry arts: French leads.
- For breadth of regional flavors, spice and fermentation traditions, and cultural diversity in everyday and celebratory foods: Kenyan rivals it in richness, though it’s less globally codified.

If you tell me which dimension you care about—technique, flavors, ingredients, or regional variety—I can point you to standout dishes from each cuisine to compare directly.",2025-11-26T21:26:11.041410
Beauty,"Which cuisine has a greater complexity and richness, Indian cuisine or Scandinavian cuisine?","Short answer: It depends on what you mean by “complexity” and “richness,” but in everyday cooking and flavor layering, Indian cuisine generally surpasses Scandinavian; in preservation and high-end technical craft, Scandinavian (especially New Nordic) can rival it.

How they differ:
- Flavor complexity: Indian dishes often layer many spices and aromatics (whole and ground), tempering (tadka), slow bhunao, dum, souring agents, and diverse fats (ghee, mustard, coconut). This yields dense, multidimensional flavors across a vast regional spectrum. Scandinavian flavors are typically more minimalist—clean, precise, ingredient-forward—with fewer spices but strong contrasts (smoke, acid, salt, bitterness, fresh herbs).
- Technical complexity: Traditional Scandinavian food is highly sophisticated in preservation—curing, smoking, fermenting, pickling, drying—driven by long winters. New Nordic adds cutting-edge technique (controlled ferments, garums, koji-adapted methods, dehydration, foraging, precise temperature control). Indian technique is also deep (tandoor, dum, baghaar/tadka, grinding fresh masalas, complex breads), but emphasizes spice management and sauce architecture over preservation.
- Diversity and scope: India’s regional breadth (dozens of culinary “macro-regions”) gives it an enormous pantry and dish repertoire, making the average meal landscape more varied. Scandinavia’s traditional pantry is historically narrower but intensely seasonal and terroir-driven.

Richness:
- Flavor and mouthfeel: Indian cuisine often reads “richer” due to gravies, ghee, dairy, nuts, and spice density. Scandinavian can be calorically rich (butter, cream, fish oils) yet presents as lighter because of its cleaner profiles and sparer seasoning.

Bottom line:
- If you equate complexity/richness with layered spices, saucing, and sheer regional variety, Indian cuisine is greater.
- If you mean preservation science, seasonal technique, and modernist craft at the top end, Scandinavian/New Nordic can be equally complex—though with a leaner flavor palette.",2025-11-26T21:26:11.041449
Popular Media,"Who is a greater film director, Andrei Tarkovsky or Michael Bay?","It depends on what you value, but by most critical and historical measures Andrei Tarkovsky is considered the greater director.

- Tarkovsky: Revered for artistic innovation and philosophical depth, with films like Andrei Rublev, Solaris, Mirror, and Stalker. His long takes, metaphysical themes, and concept of “sculpting in time” have deeply influenced generations of filmmakers and dominate film-school curricula and critics’ polls.

- Michael Bay: Hugely successful commercially and highly influential in action filmmaking style (“Bayhem”): kinetic camera work, rapid cutting, large-scale practical effects. He’s shaped the grammar of modern blockbusters but is less acclaimed for thematic depth or narrative subtlety.

So if the criterion is artistic influence and enduring critical esteem, Tarkovsky. If it’s mass appeal and action-cinema style, Bay.",2025-11-26T21:26:11.041484
Popular Media,"Who is a greater film director, David Lynch or Michael Bay?","It depends on what you mean by “greater.”

- Artistic innovation, critical acclaim, and influence: David Lynch. He’s an auteur celebrated for pushing form and tone (Eraserhead, Blue Velvet, Mulholland Dr., Twin Peaks). He’s won the Palme d’Or, has multiple Best Director Oscar nominations, and his work is widely taught and emulated.

- Commercial impact, scale, and action craftsmanship: Michael Bay. He’s defined a dominant blockbuster style (“Bayhem”) with kinetic staging and practical explosions (Bad Boys, The Rock, Armageddon, Transformers), and his films have grossed billions worldwide, though they’re often critically mixed.

If “greater” means long-term artistic legacy, most critics and historians would give the edge to David Lynch. If it means mass-market reach and action spectacle, Michael Bay is the standout.",2025-11-26T21:26:11.041523
Natural World,"Which animal is more beautiful, the monarch butterfly, or the American cockroach?","Beauty is subjective, but by typical human aesthetics the monarch butterfly is usually considered more beautiful—its vivid orange-and-black pattern, symmetry, and graceful flight are striking.

That said, the American cockroach has its own subtle appeal: a glossy chestnut exoskeleton, elegant antennae, and a highly efficient, resilient body design. So, monarch for conventional visual beauty; cockroach for an appreciation of form and function.",2025-11-26T21:26:11.041560
Natural World,"Which bird is more beautiful, the broad billed-hummingbird or the turkey vulture?","In the conventional, colorful sense of beauty, the broad-billed hummingbird wins—its iridescent green and blue plumage and bright red bill are striking. That said, turkey vultures have a different kind of beauty: their effortless, elegant soaring and important ecological role. It comes down to whether you value jewel-like color or graceful flight.",2025-11-26T21:26:11.041596
Popular Media,"Who is a greater actress, Ingrid Bergman or Sidney Sweeney?","Short answer: Ingrid Bergman.

Why:
- Career impact: Bergman is widely regarded as one of cinema’s greatest. She starred in classics like Casablanca, Notorious, Gaslight, and Autumn Sonata, worked with Hitchcock and Rossellini, and is ranked among the top screen legends by AFI.
- Major awards: 3 Academy Awards, 2 Emmys, and a Tony (one of the most decorated film actresses in history).
- Legacy: Decades of leading performances across Hollywood and European cinema, with enduring cultural influence.

Sidney Sweeney is a talented, fast-rising contemporary star with two Emmy nominations (Euphoria, The White Lotus) and growing box-office clout and range, but her career is still early. She could build a substantial legacy, but by traditional measures of achievement, influence, and body of work, Bergman is the greater actress.",2025-11-26T21:26:11.041631
Popular Media,"Who is a greater actor, James Stewart of Mark Wahlberg?","Short answer: James Stewart.

Why:
- Critical standing: AFI ranks Stewart the No. 3 male screen legend in American film history.
- Range and legacy: From Capra dramas (Mr. Smith…, It’s a Wonderful Life) to Hitchcock thrillers (Rear Window, Vertigo) and Anthony Mann westerns—his versatility and influence are foundational to classic cinema.
- Awards: 5 Oscar nominations, 1 win (The Philadelphia Story), plus decades of acclaim.
- Canon of roles: Multiple films widely considered masterpieces.

Mark Wahlberg is a strong contemporary star with standout work (Boogie Nights, The Departed, The Fighter as producer) and success in action and comedy, but in terms of historical stature and critical consensus, Stewart is generally regarded as the greater actor.",2025-11-26T21:26:11.041666
Popular Media,"Which is the better Telivision show, the Sopranos or New Girl?","Short answer: The Sopranos is generally “better” by critical standards; New Girl may be “better” if you want comfort and laughs.

How they differ:
- Tone and genre:
  - The Sopranos: Dark, character-driven crime drama; slow-burn, morally complex, sometimes violent.
  - New Girl: Light, joke-dense ensemble sitcom; warm, quirky, very rewatchable.
- Critical standing and influence:
  - The Sopranos: Widely cited as one of the greatest TV shows ever; hugely influential on modern prestige TV.
  - New Girl: Beloved hangout comedy with strong chemistry; fewer major awards.
- Time investment:
  - The Sopranos: 6 seasons, 86 episodes; feels like a novel.
  - New Girl: 7 seasons, 146 episodes; easy drop-in comfort viewing.

Pick The Sopranos if you want: heavyweight writing, complex antihero, cinematic drama, cultural landmark.
Pick New Girl if you want: feel-good vibes, rapid-fire humor, romantic arcs, an easy, cozy watch.

Sample try-out plan:
- The Sopranos: Pilot (S1E1), College (S1E5), Pine Barrens (S3E11).
- New Girl: Pilot (S1E1), Cooler (S2E15), Prince (S3E14).

Tell me what mood you’re in—dark prestige drama or upbeat comfort—and I’ll give you a tailored pick.",2025-11-26T21:26:11.041702
Beauty,"Which novel is the greater work, Nostromo or the Da Vinci Code?","Nostromo.

By most literary standards—prose craft, thematic depth, structural innovation, and long-term influence—Conrad’s Nostromo is the greater work. It’s a complex, multi-perspective study of power, imperialism, and moral ambiguity, admired in the literary canon for its artistry and ambition.

The Da Vinci Code is a hugely entertaining, culturally influential thriller with brisk pacing and clever puzzles, but it’s widely criticized for flat characterization, clichéd prose, and historical liberties. It excels as a page-turner, not as a major work of literary art.

If you want sheer suspense and accessibility, choose The Da Vinci Code; for enduring literary achievement and depth, choose Nostromo.",2025-11-26T21:26:11.041739
Beauty,"Which novel is the greater work, Where the Crawdads Sing or War and Peace?","By most literary-historical standards, War and Peace is the greater work.

Why:
- Scale and ambition: Tolstoy fuses intimate psychology with vast historical sweep, innovates narrative technique, and interrogates history, agency, and time. Its influence on the novel as a form is immense.
- Depth and complexity: Dozens of fully realized characters, multiple perspectives, and philosophical inquiry that continues to reward rereading.
- Enduring impact: Canonical status across cultures and centuries, shaping how later writers conceive realism and historical fiction.

Where the Crawdads Sing excels:
- Evocative sense of place and nature writing, accessible prose, and a compelling blend of coming-of-age, romance, and mystery.
- Strong popular appeal and emotional immediacy; it resonates with many contemporary readers.

If “greater” to you means artistic innovation, historical significance, and philosophical scope, choose War and Peace. If you value an atmospheric, contemporary, page-turning story about isolation and resilience, Crawdads will likely satisfy more.",2025-11-26T21:26:11.041774
Beauty,"Which film director displays greater artistry, Stanley Kubrick or Zack Snyder?","Short answer: Stanley Kubrick.

Why:
- Range and reinvention: Kubrick mastered and redefined multiple genres (war, sci‑fi, horror, satire, costume drama) with a new visual and narrative grammar each time. Snyder’s work, while distinctive, stays within a narrower band of operatic, comic‑book‑inflected mythmaking.
- Formal innovation: Kubrick’s films advanced the medium (e.g., 2001’s slit‑scan and front projection; Barry Lyndon’s candlelit scenes with ultra‑fast lenses; influential Steadicam use in The Shining) and reshaped cinematic language. Snyder’s signature techniques (speed‑ramping, stylized chiaroscuro, digital backlot worlds) are striking but less paradigm‑shifting.
- Thematic depth and ambiguity: Kubrick’s rigor, irony, and open‑endedness invite enduring analysis. Snyder’s imagery is powerful and sincerely grand, but his narratives are often more direct and polarizing in interpretation.
- Lasting influence: Kubrick’s impact spans filmmakers, critics, and film schools; his movies are canonical touchstones. Snyder’s influence is substantial in contemporary blockbuster aesthetics and fan culture, but not as broadly foundational.

Where Snyder excels:
- Iconic visual tableaux and action choreography.
- Mythic tone and operatic earnestness in comic‑book and genre worlds.
- Using extended/director’s cuts to realize a cohesive vision.

Both are unmistakably “authored” filmmakers, but by breadth, innovation, and historical influence, Kubrick displays greater artistry.",2025-11-26T21:26:11.041810
Beauty,"Which cuisine is more technically refined, Japanese kaiseki or American fast-casual fusion?","Short answer: Japanese kaiseki.

Why:
- Depth of technique: Kaiseki demands mastery of knife work, dashi extraction, precise heat control (grilling, simmering, tempura), and subtle seasoning where small errors show. Chefs train for years and follow a codified multi-course structure that balances texture, temperature, umami, and seasonality.
- Aesthetic and service refinement: Course sequencing, plateware selection, garnishes, and timing are integral to the craft and are highly formalized.

Context and nuance:
- American fast-casual fusion excels at creativity, bold flavors, and operations (speed, consistency, scalability). It can use advanced techniques (sous-vide, fermentation, nixtamalization), but the format typically prioritizes throughput over per-dish finesse.
- Exceptional fast-casual spots can be very technique-driven, yet the category as a whole doesn’t require the same level of classical, per-course refinement as kaiseki.

Refined doesn’t mean “better”—just that kaiseki is more exacting in traditional culinary technique and service.",2025-11-26T21:26:11.041845
Beauty,"Which jazz musician is the greater innovator, John Coltrane or Kenny G?","John Coltrane, by a wide margin, is the greater innovator in jazz.

Why:
- Harmonic/rhythmic language: Coltrane introduced “Coltrane changes” (Giant Steps), advanced modal improvisation (Kind of Blue, My Favorite Things), and pushed polyrhythms and substitution systems that reshaped jazz pedagogy and practice.
- Sonic/technical approach: “Sheets of sound,” extensive use of pentatonics, multiphonics, altissimo, and long-form, spiritually driven suites (A Love Supreme) that expanded the art’s scope.
- Historical impact: His concepts became core curriculum for improvisers and influenced multiple generations across jazz and beyond.

Kenny G’s contributions:
- Popularization: Brought a smooth-jazz saxophone sound to a mass audience and adult contemporary radio, with notable circular-breathing feats and commercial success.
- Innovation: Less impact on jazz’s harmonic, rhythmic, or formal vocabulary; his work sits closer to pop-influenced smooth jazz than to the evolving core of jazz improvisation.

So, in terms of advancing the art form’s language and possibilities, Coltrane is the clear innovator; Kenny G is better seen as a major popularizer.",2025-11-26T21:26:11.041882
Beauty,"Which opera is the greater artistic work, Wagner’s Parsifal or Andrew Lloyd Webber’s Cats?","Short answer: Parsifal.

Longer answer:
- They’re different forms—Parsifal is an opera; Cats is a musical—so it’s not a perfect comparison.  
- By typical musicological criteria (compositional complexity, harmonic innovation, integration of music and drama, and historical influence), Parsifal is generally regarded as the greater artistic achievement. It’s Wagner’s late synthesis: a dense web of leitmotifs, advanced harmony that influenced Debussy, Strauss, and early modernism, and a unified, philosophically charged drama.
- Cats is a landmark of the megamusical: extraordinary choreography and staging, a global cultural footprint, and one indelible song (“Memory”). But it’s episodic by design, with pastiche-pop idioms and less dramatic or harmonic ambition; its innovations are more in production and marketing than in musical language.

So if “greater” means depth, innovation, and legacy within art music, Parsifal. If it means popular reach and theatrical spectacle within musical theatre, Cats.",2025-11-26T21:26:11.041916
Popular Media,"Which film has greater cultural significance, The Godfather or Paul Blart: Mall Cop?","The Godfather by a wide margin.

Why:
- It reshaped the gangster genre, popularized the anti-hero archetype, and influenced decades of film and TV (e.g., Goodfellas, The Sopranos).
- Its lines, imagery, and themes permeate popular culture and political discourse (“I’m gonna make him an offer he can’t refuse”).
- Canonized by critics and institutions (Best Picture Oscar; National Film Registry), and studied in film schools for its storytelling, cinematography, and score.

Paul Blart: Mall Cop was a box‑office hit and has some meme/ironic-cult afterlife, but its cultural footprint is modest compared to The Godfather’s enduring, global influence on art and culture.",2025-11-26T21:26:11.041952
Beauty,"Who is an artistically superior theater artist, Wagner or Lin Manuel Miranda?","There isn’t an objective answer—“superior” depends on what you value.

- If your criteria are musical innovation, large‑scale dramatic architecture, orchestration, and the fusion of music and myth into a unified “music drama,” Wagner is hard to surpass. He transformed Western harmony (e.g., Tristan), systematized leitmotifs, reshaped staging (Bayreuth), and influenced everything from opera to film scores.

- If your criteria are contemporary theatrical language, lyrical dexterity, rhythmic innovation, accessibility, and broad cultural impact—bringing new audiences and voices into mainstream theater—Lin‑Manuel Miranda is the standout. He remapped Broadway’s idiom with hip‑hop and Latin forms, popularized color‑conscious casting, and changed how American history can be dramatized onstage.

Ethical context also matters to some: Wagner’s antisemitism shadows his legacy; Miranda’s work is often praised for inclusivity, though not without critique.

If forced to pick one on strictly historical-artistic grounds of compositional and dramaturgical innovation, Wagner has the edge. For contemporary theater’s cultural relevance and inventive storytelling within the Broadway form, many would choose Miranda.",2025-11-26T21:26:11.041987
Beauty,"Whose work shows deeper technical mastery, Vermeer or Amy Sherald?","It depends on what you mean by “technical mastery.”

- If you mean traditional, illusionistic oil-painting craft—layered glazing, subtle value modeling, complex optical effects, and perspective—Johannes Vermeer shows deeper mastery. Works like The Milkmaid, Girl with a Pearl Earring, and View of Delft display extraordinarily refined control of light, color, and materials that epitomize Old Master technique.

- If you mean contemporary portrait technique—disciplined stylization, exacting edge control, and sophisticated color orchestration—Amy Sherald is a master within that idiom. Her grisaille treatment of skin, flat yet carefully balanced color fields, and impeccable finish (e.g., the official portrait of Michelle Obama) demonstrate rigorous, intentional control rather than a lack of ability to render illusionistically.

So, on a narrow, traditional-craft yardstick, Vermeer’s work exhibits deeper technical complexity. Within the aims and language of contemporary portraiture, Sherald’s technical control is equally authoritative, just directed toward different ends.",2025-11-26T21:26:11.042022
Beauty,"Who is the greater poet, Dante or Margaret Atwood?","Short answer: Dante.

Why:
- Historical influence: Dante’s Divine Comedy helped shape the Italian language and the Western literary canon; its formal innovation (terza rima), philosophical breadth, and sustained cultural impact over seven centuries are unparalleled.
- Canonical standing: He is routinely ranked with Homer, Virgil, and Shakespeare as a foundational poet.

About Atwood:
- A major contemporary poet in English—incisive, ironic, and politically attuned—though her broadest global influence comes via her novels. As a poet, she’s important, but not on Dante’s civilizational scale.

If you’re comparing by personal resonance or contemporary relevance, you might prefer Atwood. By historical reach and formal achievement, Dante is generally considered greater.",2025-11-26T21:26:11.042059
Beauty,"Which film is the more important artistic achievement, Citizen Kane or Everything Everywhere All At Once?","Short answer: Citizen Kane.

Why:
- Historical impact: Kane helped invent the modern cinematic toolkit—deep-focus cinematography, expressive sound design, daring nonlinear structure, low-angle compositions, newsreel pastiche—at studio scale. Its techniques became part of the medium’s grammar and reshaped ideas of authorship in Hollywood.
- Breadth of influence: For decades it has been a touchstone for filmmakers, critics, and film schools; few films have so directly altered how movies are made and understood.

Everything Everywhere All At Once is a major contemporary achievement—formally audacious, emotionally direct, culturally significant (Asian American leads, queer themes), and influential for indie-scale VFX and maximalist storytelling entering the awards mainstream. Its long-term influence is still unfolding.

So, if “importance” means lasting formative impact on the artform, Citizen Kane remains the more consequential artistic milestone, with EEAAO a landmark of its era.",2025-11-26T21:26:11.042094
Beauty,"Which artist has had the greater impact on musical form, Jimi Hendrix or Taylor Swift?","Short answer: Jimi Hendrix.

Why:
- What “musical form” means here: the structural grammar of songs (harmony, timbre, arrangement, the way sections are built and extended), not popularity or industry practices.
- Hendrix fundamentally expanded the formal possibilities of electric music. He made timbre and sound design (feedback, distortion, wah, studio layering, reverse tape, stereo imaging) core structural elements of songs; integrated extended improvisation into rock forms; popularized new harmonic colors (e.g., the 7#9 “Hendrix chord”); and helped normalize long multi‑section suites and open-ended jams as legitimate song forms. These changes reshaped rock, funk, metal, and parts of jazz/fusion and are now baked into the default toolkit of modern production and arranging.
- Taylor Swift has strongly influenced 21st‑century pop songcraft—especially bridge-centered climaxes, diaristic long-form storytelling, flexible verse/pre‑chorus/chorus architectures, and the mainstream acceptance of longer narratives (e.g., All Too Well 10-minute version). She’s also steered the album-as-arc approach back into Top 40 and blended singer‑songwriter forms with contemporary pop production.
- However, Swift’s impact, while substantial, refines and re-popularizes existing pop forms; Hendrix’s impact altered the language and building blocks many genres use to make form in the first place.

Conclusion: In the narrow sense of transforming musical form itself, Hendrix’s influence is broader and more foundational. Swift’s influence is immense in songwriting culture, narrative craft, and current pop conventions, but it doesn’t match Hendrix’s paradigm shift in how songs can be structured and built sonically.",2025-11-26T21:26:11.042130
Beauty,"Who is the greater hip-hop artist, Nas or Drake?","Short answer: it depends on what you value.

- Lyrical craft and storytelling: Nas. He’s a benchmark for MCing, with Illmatic, Stillmatic, and the late-career King’s Disease/Magic run reinforcing his stature.
- Classic, canon-defining albums: Nas. Illmatic is widely cited as one of the greatest rap albums ever.
- Innovation and shaping the sound of an era: Drake. He normalized the rap/R&B blend, helped define the streaming era, and set the template for pop-rap dominance.
- Cultural influence within hip-hop: Nas. Foundational impact on East Coast lyricism and “street reporting.”
- Commercial dominance and chart records: Drake, by a lot (most Hot 100 entries and top 10s, arena-scale global reach, multiple Grammys).
- Longevity: Both, in different ways—Nas over three decades with renewed critical acclaim; Drake with a decade-plus of near-constant chart leadership.

Bottom line: If “greater hip-hop artist” means lyrical excellence and foundational impact on the art of MCing, most critics would give the edge to Nas. If it means global reach, hits, and shaping mainstream rap’s sound and business, it’s Drake.",2025-11-26T21:26:11.042165
Beauty,"Who is the greater philosopher, Aristotle or Simone de Beauvoir?","It depends on what you mean by “greater.”

- Aristotle: Built the first systematic logic, made foundational contributions to metaphysics, ethics, politics, rhetoric, and natural science; influenced philosophy and science for over two millennia. By breadth, depth, and long-term disciplinary impact, he’s typically judged the greater philosopher.
- Simone de Beauvoir: Revolutionized moral and social philosophy with The Second Sex and The Ethics of Ambiguity; reframed freedom, embodiment, and oppression; catalyzed feminist theory and reshaped contemporary debates on gender, agency, and ethics. By modern relevance and moral transformation, she can be argued the greater for our time.

If you mean canonical scope and lasting cross-field influence: Aristotle. If you mean advancing contemporary ethical insight and social change: de Beauvoir. Which criterion matters more to you?",2025-11-26T21:26:11.042200
Civilization,"Which civilization contributed more to mathematical development, Ancient Greece or medieval West Africa?","Short answer: By the usual measures used in the history of mathematics—volume of surviving theoretical work, the introduction of formal proof, and long‑term global influence—Ancient Greece contributed more.

Why historians say this:
- Ancient Greece (c. 600 BCE–300 CE) produced the axiomatic method and rigorous proof (Euclid), major advances in geometry and number theory (Pythagoras, Eudoxus), conic sections (Apollonius), early integral ideas and hydrostatics (Archimedes), and algebraic/number‑theoretic problems (Diophantus). Texts like Euclid’s Elements and Archimedes’ works shaped Islamic and later European mathematics for centuries.

What medieval West Africa contributed:
- As part of the wider Islamicate scholarly world, centers like Timbuktu, Gao, and Jenne taught arithmetic (hisab), algebra, and spherical astronomy for calendars, timekeeping, and qibla determination; thousands of Arabic manuscripts survive from the region.
- Rich indigenous mathematical practices existed: sophisticated base‑20 counting systems (e.g., Yoruba), combinatorial structures in Ifa divination (256 odù, binary‑like), geometric design and scaling patterns in architecture and settlement layouts, and mathematically informed trade/accounting.
- Some original scholarly work appears (especially in astronomy and computational methods), though much was pedagogical or applied and remains understudied.

Bottom line:
- If the metric is foundational theoretical innovation and documented influence on the later global canon, Ancient Greece. 
- If the metric includes applied mathematics embedded in society, transmission within the Islamic intellectual network, and indigenous mathematical knowledge, medieval West Africa made important contributions that are increasingly recognized as scholarship on the manuscripts advances.

If you want, I can point you to accessible readings on both traditions.",2025-11-26T21:26:11.042234
Beauty,"Whose historical influence is greater, Julius Caesar or Toussaint Louverture?","It depends on what kind of influence you mean.

- Structural and long-run global influence (state formation, institutions, language):
  - Julius Caesar helped end the Roman Republic and set the stage for the Roman Empire, a political model that shaped governance across Europe, North Africa, and the Near East for centuries.
  - His name became a title for rulers (Caesar, Kaiser, Tsar), July is named after him, and his calendar reform (the Julian calendar) underpins modern timekeeping.
  - The empire that arose in his wake spread Latin, law, and urban institutions that deeply informed Western civilization and beyond.

- Ideological and emancipatory influence (human rights, anti-slavery, decolonization):
  - Toussaint Louverture led the Haitian Revolution—the only successful slave revolt to found a lasting state—shattering assumptions about slavery and racial hierarchy.
  - It hastened the end of slavery in the French empire, influenced abolitionist movements across the Atlantic, and helped derail Napoleon’s American ambitions, contributing to the Louisiana Purchase.
  - Haiti’s independence became a lasting symbol and precedent for anti-colonial and Black liberation movements.

Bottom line: In breadth and longevity of structural impact, Julius Caesar’s influence is greater. In transforming the moral and political landscape regarding slavery and colonialism, Toussaint Louverture’s influence is uniquely profound.",2025-11-26T21:26:11.042269
Beauty,"Which painter demonstrates greater mastery, Sesshū Tōyō or Damien Hirst?","Sesshū Tōyō, if “mastery” means painterly command of medium, brushwork, and composition.

- Sesshū is widely regarded as a preeminent master of ink painting (suiboku-ga). His control of brush pressure, graded washes, wet/dry effects, negative space, and rhythmic line in works like Winter Landscape and Splashed Ink Landscape exemplifies technical and expressive virtuosity that set standards for centuries.
- He synthesized Chinese literati models with Zen aesthetics, ranging from finely articulated landscapes to bold hatsuboku (“splashed ink”) abstraction, demonstrating both rigor and spontaneity at the highest level.

Damien Hirst’s significance is largely conceptual—systems, seriality, spectacle, and market structures. His paintings (e.g., Spot, Spin, Cherry Blossoms) prioritize idea and production strategy over traditional hand skill, and many were produced by assistants. As a painterly technician, he is not typically judged on the same criteria as Sesshū.

If you define mastery as conceptual provocation and influence on contemporary art economies, Hirst is formidable. But on strictly painterly grounds, Sesshū Tōyō demonstrates greater mastery.",2025-11-26T21:26:11.042305
Beauty,"Who is the greater sculptor, Unkei (Japan) or Maurizio Cattelan?","Short answer: Unkei.

Why:
- Technical mastery: Unkei was a peerless carver of the Kamakura period, pushing joined-wood techniques and lifelike realism (crystal-inlaid eyes, dynamic anatomy). His Nio guardians at Todai-ji and hyper-real monk portraits set a high-water mark for sculptural craft.
- Enduring legacy: His works are national treasures in Japan and shaped centuries of Buddhist sculpture and taste.

Where Cattelan is “greater”:
- Conceptual impact and cultural provocation. Pieces like La Nona Ora, Him, America, and Comedian have strongly influenced contemporary discourse, media, and the art market, though they’re often fabricated by teams and hinge more on ideas than carving or modeling.

So if “sculptor” means craft, form, and lasting sculptural influence, Unkei is the stronger claim. If you mean contemporary conceptual influence and institutional critique using sculptural formats, Cattelan leads there.",2025-11-26T21:26:11.042342
Beauty,"Which building is more beautiful, Angkor Wat, or the Nancy Pelosi Federal Building?","Beauty is subjective, but by broad consensus Angkor Wat is considered more beautiful.

Why: Angkor Wat’s harmonious proportions, intricate bas‑reliefs, spiritual symbolism, and dramatic setting (moat, causeways, sunrise/sunset views) give it a timeless aesthetic appeal. The Nancy Pelosi Federal Building, a contemporary, sustainable high‑tech design (Morphosis/Thom Mayne), is striking and innovative but intentionally austere and polarizing.

If you prefer ornate, historic sacred architecture, you’ll likely choose Angkor Wat; if you favor edgy, minimalist, performance‑driven design, the federal building may appeal more.",2025-11-26T21:26:11.042381
Beauty,"Which is the more profound artistic creation, a Tibetan thangka or a Jeff Wall creation?","Short answer: neither is inherently “more profound.” They’re profound in different registers, built for different purposes and audiences.

How a Tibetan thangka can be profound:
- Function: a sacred tool for visualization, ritual, and ethical transformation; meant to embody the presence of a deity, not just depict it.
- Depth of lineage: iconography, proportions, and mantras are codified through centuries of transmission.
- Craft and materials: mineral pigments, gold, painstaking handwork tied to vows and practice.
- Symbolic density: every attribute encodes doctrine (emptiness, compassion, interdependence).

How a Jeff Wall work can be profound:
- Conceptual rigor: staged “near-documentary” images that interrogate the nature of seeing, truth, and narrative.
- Art-historical dialogue: reworks Manet, Hokusai, and others to probe how images mean (“Picture for Women,” “A Sudden Gust of Wind,” “Dead Troops Talk”).
- Social critique: contemporary life, memory, violence, and marginality rendered with cinematic scale and detail.
- Viewer cognition: you discover layers over time—what’s constructed, what’s real, and why that matters.

If by “profound” you mean:
- Spiritual transformation, ethical cultivation, and metaphysical teaching: a thangka will likely feel more profound.
- Critical reflection on modernity, representation, and the politics of looking: a Jeff Wall piece may feel more profound.
- Technical craft and time-intensive making: both excel, but in different ways (manual devotional craft vs large-scale photographic production).
- Cultural-historical weight: thangkas carry collective, liturgical continuity; Wall’s works carry avant-garde and theoretical momentum.

A fair comparison is to judge each on its own terms: a thangka as a living ritual technology; a Wall image as a contemporary philosophical inquiry in photographic form.

What kind of profundity are you after—spiritual, conceptual, historical, or emotional?",2025-11-26T21:26:11.042418
Beauty,"Who shows greater artistic achievement, Nandalal Bose or Barbara Kruger?","Short answer: it depends on what you mean by “greater.”

How Nandalal Bose excels
- Nation-building role: Helped forge a modern Indian visual language; led Kala Bhavana at Santiniketan and mentored a generation of artists.
- Cultural revival and innovation: Synthesized Ajanta traditions, pan-Asian aesthetics, and modernism; pioneered linocuts and wash techniques in an Indian idiom.
- Civic impact: Directed the Haripura Congress posters (1938) and oversaw the illumination of the original Constitution of India manuscript.
- Lasting institutional legacy: Central figure in Indian art education and policy; Padma Vibhushan honoree.

How Barbara Kruger excels
- Global visual influence: Her text-image works (“I shop therefore I am,” “Your body is a battleground”) reshaped the language of conceptual art, design, and advertising critique.
- Cultural reach: Iconic, widely reproduced imagery that permeates public space, media, activism, and internet culture.
- Contemporary discourse: Landmark installations and museum shows worldwide; a touchstone for feminism, power, consumerism, and identity politics.
- Rhetorical innovation: Canonical use of appropriation, pronouns, and imperative slogans as an artistic medium.

Bottom line
- If your metric is pedagogical and nation-forming impact within a cultural renaissance, Bose shows the greater achievement.
- If your metric is global influence on contemporary visual culture, critical theory, and public discourse, Kruger does.

Tell me which criteria you value—national-cultural legacy, global reach, institutional impact, or formal innovation—and I’ll weigh them to give you a more definitive call.",2025-11-26T21:26:11.042454
Beauty,"Who is a greater architext, Imhotep or Erno Goldfinger","If you mean “architect”: Imhotep is generally the greater by historical impact.

- Imhotep (c. 27th century BCE) designed the Step Pyramid of Djoser, the first large-scale stone monument and prototype for later pyramids. He’s the earliest named architect in history and was later deified—his influence spans millennia.

- Ernő Goldfinger (1902–1987) was a major 20th‑century modernist/Brutalist in Britain (Trellick Tower, Balfron Tower), influential within modern architecture and housing debates, but on a far narrower temporal and cultural scale.

So by originality and civilizational influence, Imhotep. Within modern architecture, Goldfinger is important, but not as foundational.",2025-11-26T21:26:11.042490
Beauty,"Which building is more beautiful, the Shah Mosque of Isfahan or the Centre Pompidou?","Beauty here is a matter of taste—they excel in very different ways.

- If you value intricate craftsmanship, luminous tilework, and harmonious proportions, the Shah (Imam) Mosque is likely “more beautiful.”
- If you’re drawn to radical innovation, exposed structure, and a building-as-urban-stage, the Centre Pompidou may feel more beautiful.

My own take: for sheer visual and material beauty, I’d pick the Shah Mosque; for conceptual and urban beauty, the Pompidou is brilliant.

Which qualities matter more to you—ornament and atmosphere, or structural clarity and experimentation?",2025-11-26T21:26:11.042525
